"A","C","S","E","L"
"A","D","E","L",""
"A","D","E","S","E"
"A","E","F","E","S"
"A","F","Y","O","N"
"A","G","E","S","A"
"A","G","H","O","L"
"A","G","Y","O",""
"A","H","G","A","Z"
"A","K","B","N","K"
"A","K","C","N","S"
"A","K","E","N","R"
"A","K","F","G","Y"
"A","K","G","R","T"
"A","K","M","G","Y"
"A","K","S","A",""
"A","K","S","E","N"
"A","K","S","G","Y"
"A","K","S","U","E"
"A","K","Y","H","O"
"A","L","A","R","K"
"A","L","B","R","K"
"A","L","C","A","R"
"A","L","C","T","L"
"A","L","F","A","S"
"A","L","G","Y","O"
"A","L","K","A",""
"A","L","K","I","M"
"A","L","M","A","D"
"A","N","E","L","E"
"A","N","G","E","N"
"A","N","H","Y","T"
"A","N","S","G","R"
"A","R","A","S","E"
"A","R","C","L","K"
"A","R","D","Y","Z"
"A","R","E","N","A"
"A","R","M","D","A"
"A","R","S","A","N"
"A","R","Z","U","M"
"A","S","E","L","S"
"A","S","U","Z","U"
"A","T","A","G","Y"
"A","T","A","T","P"
"A","T","E","K","S"
"A","T","L","A","S"
"A","T","S","Y","H"
"A","V","G","Y","O"
"A","V","H","O","L"
"A","V","O","D",""
"A","V","T","U","R"
"A","Y","C","E","S"
"A","Y","D","E","M"
"A","Y","E","N",""
"A","Y","E","S",""
"A","Y","G","A","Z"
"A","Z","T","E","K"
"B","A","G","F","S"
"B","A","K","A","B"
"B","A","L","A","T"
"B","A","N","V","T"
"B","A","R","M","A"
"B","A","S","C","M"
"B","A","S","G","Z"
"B","A","Y","R","K"
"B","E","R","A",""
"B","E","Y","A","Z"
"B","F","R","E","N"
"B","I","M","A","S"
"B","I","O","E","N"
"B","I","Z","I","M"
"B","J","K","A","S"
"B","L","C","Y","T"
"B","M","S","C","H"
"B","M","S","T","L"
"B","N","T","A","S"
"B","O","B","E","T"
"B","O","S","S","A"
"B","R","I","S","A"
"B","R","K","O",""
"B","R","K","S","N"
"B","R","K","V","Y"
"B","R","L","S","M"
"B","R","M","E","N"
"B","R","S","A","N"
"B","R","Y","A","T"
"B","S","O","K","E"
"B","T","C","I","M"
"B","U","C","I","M"
"B","U","R","C","E"
"B","U","R","V","A"
"C","A","N","T","E"
"C","A","S","A",""
"C","C","O","L","A"
"C","E","L","H","A"
"C","E","M","A","S"
"C","E","M","T","S"
"C","E","O","E","M"
"C","I","M","S","A"
"C","L","E","B","I"
"C","M","B","T","N"
"C","M","E","N","T"
"C","O","N","S","E"
"C","O","S","M","O"
"C","R","D","F","A"
"C","R","F","S","A"
"C","U","S","A","N"
"D","A","G","H","L"
"D","A","G","I",""
"D","A","P","G","M"
"D","A","R","D","L"
"D","E","N","G","E"
"D","E","R","H","L"
"D","E","R","I","M"
"D","E","S","A",""
"D","E","S","P","C"
"D","E","V","A",""
"D","G","A","T","E"
"D","G","G","Y","O"
"D","G","N","M","O"
"D","I","R","I","T"
"D","I","T","A","S"
"D","M","S","A","S"
"D","N","I","S","I"
"D","O","A","S",""
"D","O","B","U","R"
"D","O","C","O",""
"D","O","G","U","B"
"D","O","H","O","L"
"D","O","K","T","A"
"D","U","R","D","O"
"D","Y","O","B","Y"
"D","Z","G","Y","O"
"E","C","I","L","C"
"E","C","Z","Y","T"
"E","D","A","T","A"
"E","D","I","P",""
"E","G","E","E","N"
"E","G","E","P","O"
"E","G","G","U","B"
"E","G","P","R","O"
"E","G","S","E","R"
"E","K","G","Y","O"
"E","K","I","Z",""
"E","L","I","T","E"
"E","M","K","E","L"
"E","M","N","I","S"
"E","N","J","S","A"
"E","N","K","A","I"
"E","N","S","R","I"
"E","P","L","A","S"
"E","R","B","O","S"
"E","R","C","B",""
"E","R","E","G","L"
"E","R","S","U",""
"E","S","C","A","R"
"E","S","C","O","M"
"E","S","E","N",""
"E","T","I","L","R"
"E","T","Y","A","T"
"E","U","H","O","L"
"E","U","K","Y","O"
"E","U","R","E","N"
"E","U","Y","O",""
"E","Y","G","Y","O"
"F","A","D","E",""
"F","E","N","E","R"
"F","L","A","P",""
"F","M","I","Z","P"
"F","O","N","E","T"
"F","O","R","M","T"
"F","R","I","G","O"
"F","R","O","T","O"
"G","A","R","A","N"
"G","A","R","F","A"
"G","E","D","I","K"
"G","E","D","Z","A"
"G","E","N","I","L"
"G","E","N","T","S"
"G","E","R","E","L"
"G","E","S","A","N"
"G","L","B","M","D"
"G","L","C","V","Y"
"G","L","R","Y","H"
"G","L","Y","H","O"
"G","M","T","A","S"
"G","O","L","T","S"
"G","O","O","D","Y"
"G","O","Z","D","E"
"G","R","N","Y","O"
"G","R","S","E","L"
"G","S","D","D","E"
"G","S","D","H","O"
"G","S","R","A","Y"
"G","U","B","R","F"
"G","W","I","N","D"
"G","Z","N","M","I"
"H","A","L","K","B"
"H","A","T","E","K"
"H","D","F","G","S"
"H","E","D","E","F"
"H","E","K","T","S"
"H","K","T","M",""
"H","L","G","Y","O"
"H","T","T","B","T"
"H","U","B","V","C"
"H","U","N","E","R"
"H","U","R","G","Z"
"I","C","B","C","T"
"I","D","E","A","S"
"I","D","G","Y","O"
"I","E","Y","H","O"
"I","H","A","A","S"
"I","H","E","V","A"
"I","H","G","Z","T"
"I","H","L","A","S"
"I","H","L","G","M"
"I","H","Y","A","Y"
"I","M","A","S","M"
"I","N","D","E","S"
"I","N","F","O",""
"I","N","T","E","M"
"I","N","V","E","O"
"I","N","V","E","S"
"I","P","E","K","E"
"I","S","A","T","R"
"I","S","B","I","R"
"I","S","B","T","R"
"I","S","C","T","R"
"I","S","D","M","R"
"I","S","F","I","N"
"I","S","G","S","Y"
"I","S","G","Y","O"
"I","S","K","P","L"
"I","S","K","U","R"
"I","S","M","E","N"
"I","S","S","E","N"
"I","S","Y","A","T"
"I","T","T","F","H"
"I","Z","F","A","S"
"I","Z","I","N","V"
"I","Z","M","D","C"
"J","A","N","T","S"
"K","A","P","L","M"
"K","A","R","E","L"
"K","A","R","S","N"
"K","A","R","T","N"
"K","A","R","Y","E"
"K","A","T","M","R"
"K","C","A","E","R"
"K","C","H","O","L"
"K","E","N","T",""
"K","E","R","V","N"
"K","E","R","V","T"
"K","F","E","I","N"
"K","G","Y","O",""
"K","I","M","M","R"
"K","L","G","Y","O"
"K","L","K","I","M"
"K","L","M","S","N"
"K","L","N","M","A"
"K","L","R","H","O"
"K","L","S","Y","N"
"K","M","P","U","R"
"K","N","F","R","T"
"K","O","N","K","A"
"K","O","N","T","R"
"K","O","N","Y","A"
"K","O","R","D","S"
"K","O","Z","A","A"
"K","O","Z","A","L"
"K","R","D","M","A"
"K","R","D","M","B"
"K","R","D","M","D"
"K","R","G","Y","O"
"K","R","O","N","T"
"K","R","P","L","S"
"K","R","S","T","L"
"K","R","T","E","K"
"K","R","V","G","D"
"K","S","T","U","R"
"K","T","S","K","R"
"K","U","T","P","O"
"K","U","V","V","A"
"K","U","Y","A","S"
"K","Z","B","G","Y"
"L","I","D","E","R"
"L","I","D","F","A"
"L","I","N","K",""
"L","K","M","N","H"
"L","O","G","O",""
"L","U","K","S","K"
"M","A","A","L","T"
"M","A","G","E","N"
"M","A","K","I","M"
"M","A","K","T","K"
"M","A","N","A","S"
"M","A","R","K","A"
"M","A","R","T","I"
"M","A","V","I",""
"M","E","D","T","R"
"M","E","G","A","P"
"M","E","P","E","T"
"M","E","R","C","N"
"M","E","R","I","T"
"M","E","R","K","O"
"M","E","T","R","O"
"M","E","T","U","R"
"M","G","R","O","S"
"M","I","A","T","K"
"M","I","P","A","Z"
"M","M","C","A","S"
"M","N","D","R","S"
"M","N","D","T","R"
"M","O","B","T","L"
"M","P","A","R","K"
"M","R","G","Y","O"
"M","R","S","H","L"
"M","S","G","Y","O"
"M","T","R","K","S"
"M","T","R","Y","O"
"M","Z","H","L","D"
"N","A","T","E","N"
"N","E","T","A","S"
"N","I","B","A","S"
"N","T","G","A","Z"
"N","T","H","O","L"
"N","U","G","Y","O"
"N","U","H","C","M"
"O","B","A","S","E"
"O","D","A","S",""
"O","R","C","A","Y"
"O","R","G","E",""
"O","R","M","A",""
"O","S","M","E","N"
"O","S","T","I","M"
"O","T","K","A","R"
"O","T","T","O",""
"O","Y","A","K","C"
"O","Y","A","Y","O"
"O","Y","L","U","M"
"O","Y","Y","A","T"
"O","Z","G","Y","O"
"O","Z","K","G","Y"
"O","Z","R","D","N"
"O","Z","S","U","B"
"P","A","G","Y","O"
"P","A","M","E","L"
"P","A","P","I","L"
"P","A","R","S","N"
"P","C","I","L","T"
"P","E","G","Y","O"
"P","E","K","G","Y"
"P","E","N","G","D"
"P","E","N","T","A"
"P","E","T","K","M"
"P","E","T","U","N"
"P","G","S","U","S"
"P","I","N","S","U"
"P","K","A","R","T"
"P","K","E","N","T"
"P","L","T","U","R"
"P","N","L","S","N"
"P","N","S","U","T"
"P","O","L","H","O"
"P","O","L","T","K"
"P","R","D","G","S"
"P","R","K","A","B"
"P","R","K","M","E"
"P","R","Z","M","A"
"P","S","D","T","C"
"P","S","G","Y","O"
"Q","N","B","F","B"
"Q","N","B","F","L"
"Q","U","A","G","R"
"R","A","L","Y","H"
"R","A","Y","S","G"
"R","H","E","A","G"
"R","N","P","O","L"
"R","O","D","R","G"
"R","O","Y","A","L"
"R","T","A","L","B"
"R","U","B","N","S"
"R","Y","G","Y","O"
"R","Y","S","A","S"
"S","A","F","K","R"
"S","A","H","O","L"
"S","A","M","A","T"
"S","A","N","E","L"
"S","A","N","F","M"
"S","A","N","K","O"
"S","A","R","K","Y"
"S","A","S","A",""
"S","A","Y","A","S"
"S","E","G","Y","O"
"S","E","K","F","K"
"S","E","K","U","R"
"S","E","L","E","C"
"S","E","L","G","D"
"S","E","L","V","A"
"S","E","Y","K","M"
"S","I","L","V","R"
"S","I","S","E",""
"S","K","B","N","K"
"S","K","T","A","S"
"S","M","A","R","T"
"S","M","R","T","G"
"S","N","G","Y","O"
"S","N","I","C","A"
"S","N","K","R","N"
"S","N","P","A","M"
"S","O","D","S","N"
"S","O","K","M",""
"S","O","N","M","E"
"S","R","V","G","Y"
"S","U","M","A","S"
"S","U","N","T","K"
"S","U","W","E","N"
"T","A","T","G","D"
"T","A","V","H","L"
"T","B","O","R","G"
"T","C","E","L","L"
"T","D","G","Y","O"
"T","E","K","T","U"
"T","E","R","A",""
"T","E","T","M","T"
"T","E","Z","O","L"
"T","G","S","A","S"
"T","H","Y","A","O"
"T","K","F","E","N"
"T","K","N","S","A"
"T","L","M","A","N"
"T","M","P","O","L"
"T","M","S","N",""
"T","O","A","S","O"
"T","R","C","A","S"
"T","R","G","Y","O"
"T","R","I","L","C"
"T","S","G","Y","O"
"T","S","K","B",""
"T","S","P","O","R"
"T","T","K","O","M"
"T","T","R","A","K"
"T","U","C","L","K"
"T","U","K","A","S"
"T","U","P","R","S"
"T","U","R","E","X"
"T","U","R","G","G"
"T","U","R","S","G"
"U","F","U","K",""
"U","L","A","S",""
"U","L","K","E","R"
"U","L","U","F","A"
"U","L","U","S","E"
"U","L","U","U","N"
"U","N","L","U",""
"U","S","A","K",""
"U","Z","E","R","B"
"V","A","K","B","N"
"V","A","K","F","N"
"V","A","K","K","O"
"V","A","N","G","D"
"V","B","T","Y","Z"
"V","E","R","T","U"
"V","E","R","U","S"
"V","E","S","B","E"
"V","E","S","T","L"
"V","K","F","Y","O"
"V","K","G","Y","O"
"V","K","I","N","G"
"Y","A","P","R","K"
"Y","A","T","A","S"
"Y","A","Y","L","A"
"Y","B","T","A","S"
"Y","E","O","T","K"
"Y","E","S","I","L"
"Y","G","G","Y","O"
"Y","G","Y","O",""
"Y","K","B","N","K"
"Y","K","S","L","N"
"Y","O","N","G","A"
"Y","U","N","S","A"
"Y","Y","A","P","I"
"Y","Y","L","G","D"
"Z","E","D","U","R"
"Z","O","R","E","N"
"Z","R","G","Y","O"
